{"Train Loss": 0.01823539789766073, "Train F1": 0.741486574983628, "Validation Loss": 0.026698296889662743, "Validation F1": 0.5809171075837742, "_timestamp": 1700815842.8708303, "_runtime": 2030.5670912265778, "_step": 64, "_wandb": {"runtime": 2060}}