{"Train Loss": 0.01945100277662277, "Train F1": 0.7264047151277014, "Validation Loss": 0.026995976455509663, "Validation F1": 0.5638622648207312, "_timestamp": 1700773423.543594, "_runtime": 1718.4012818336487, "_step": 49, "_wandb": {"runtime": 1717}}