{"Train Loss": 0.04359184950590134, "Train F1": 0.36477913225848735, "Validation Loss": 0.04195973137393594, "Validation F1": 0.43019943019943013, "_timestamp": 1701360707.634241, "_runtime": 1258.8331270217896, "_step": 25}