{"Train Loss": 0.014075269643217325, "Train F1": 0.8291678370129019, "Validation Loss": 0.0271054666955024, "Validation F1": 0.5992922859164899, "_timestamp": 1701369904.1309156, "_runtime": 2974.050733566284, "_step": 49, "_wandb": {"runtime": 2973}}