{"Train Loss": 0.00856341002508998, "Train F1": 0.925748031496063, "Validation Loss": 0.03073476650752127, "Validation F1": 0.5810646659521258, "_timestamp": 1701363386.923157, "_runtime": 2532.6199419498444, "_step": 42}