{"Train Loss": 0.009078815788961947, "Train F1": 0.9242182227221597, "Validation Loss": 0.02905766712501645, "Validation F1": 0.5821516754850088, "_timestamp": 1701366219.0717878, "_runtime": 2801.8925569057465, "_step": 46, "_wandb": {"runtime": 2861}}