{"Train Loss": 0.01846551215276122, "Train F1": 0.7432351015062213, "Validation Loss": 0.02658673052986463, "Validation F1": 0.590014064697609, "_timestamp": 1700771273.8158152, "_runtime": 1563.626549243927, "_step": 49, "_wandb": {"runtime": 1563}}